{"acc": 0.8076816596982995, "loss": 0.16865673134985107, "_timestamp": 1701563270.0193691, "_runtime": 2.3455660343170166, "_step": 7, "_wandb": {"runtime": 1}}